Item Name,Qty,Price (total) (CAD),Item link,Notes
Arduino Uno,1,$40.00,https://www.amazon.ca/Arduino-A000066-Microcontroller-Connectivity-Prototyping/dp/B008GRTSV6/ref=sr_1_14?crid=1X7190UP2IT0L&dib=eyJ2IjoiMSJ9.QKHglAGZCP1lOsYEV8hFFTd_E5zNZT-qelirkPuOihx3dz5jQOICrIp18rZZVQH3gwdx5cDUMRMAbyPlzUfqiEHgMmvcHlsvkACOd0myB_uMIUz8KAr2sKbUhzfKAVKo-xyzZYxbC60GpSKxMQcj9IcMTTPKaoq5SKKLbC3OYO3Ts7M--k0LpCMYKUs0Imr6PpAIL7GWEpV3UamHQXObOmJpQjyWJmbVLIloapI24lwBLF98i4SWM2CizgCDpSVy0iP5-F_ZGFA0zIfBgFRhNteIVJiX_HXKAbzFm8Wb0KU.PsBOtKF9yW9KGWpeLLbTp6-nZoKfIroplTHfvteEeLw&dib_tag=se&keywords=arduino+kit+r3&qid=1786583748&sprefix=arduino+kit+r3%2Caps%2C145&sr=8-14,
Grove PIR Motion Sensor,1,$42.00,https://www.amazon.ca/1pc-Grove-PIR-Motion-Sensor/dp/B0H5VC47P5/ref=sr_1_1?crid=L79V123BRVD3&dib=eyJ2IjoiMSJ9.GXTKOt0_GUUrFTZimIHCFQHXlo7mTdoDteLyiW5XdBeCoMG-_h32Mz98qy95ZdYDC5MQCVc-SZvNdcJNym4hjv9ep76iknbjBnO6-4GIh5wrt1GvuM6Mdon9TxmIzpRiZtZ5yj5ALlbUm_Q2o6XML_iHj0A4lAqxxSIfFHgFrRWc01x1EgZAbimLCizKLk8NtHc_VZmqHs8f0y370kjg8b4Q6EaIalg0D5BsI6aKRyCU9su4aEBVQaiLWVW4Cmj4vjN9y5QMbBVBms1OyrmnF3A8aIiWbzhju3WtNzue5ss.E50IWUBNuemuJs3MjQvLPa0GStvUnKdzV9a7AFcj2p8&dib_tag=se&keywords=grove+pir+motion+sensor&qid=1786583791&sprefix=grove+pir+motion+sensor%2Caps%2C174&sr=8-1,
I2C LCD,1,$14.00,https://www.amazon.ca/Freenove-Display-Compatible-Arduino-Raspberry/dp/B0B76YGDV4/ref=sr_1_6?crid=1896SQJFP99R&dib=eyJ2IjoiMSJ9.mGioVag5sHKSctHYlj_l2oupFzXAplixemzgywYS8-H1xC51LBNSov4Zal_uO1v6i_MeT5tBALVmOmukiBpzloH7lYlfiA_s9_66X6QDNy8iGgKCVj64I1sWw2fUrSNJ0jXYonvdwhUwjrF9yL1j3jVVwWTwpTXelWz72nhkS4aXP6pOW5XUkaMf40T_FlSxiOylBz1qnfqCMrRghslKUsvAeIyG4M1pSRE6mesS5qkR9P1ZwwRbq1qCsQDd804fuXCeoiOKvoRHne7ip_hk9d3Ra98GOpCaW-2DsUKJ_gM.YbyHHhoplHBFILPVhC2JzjJ6fK4jLIOqQUP4NGDfeKw&dib_tag=se&keywords=lcd&qid=1786583853&sprefix=lcd%2Caps%2C351&sr=8-6,
,,,,
,,,,
,,,,
,,,,
,,,,
,,,,
,,,,
,,,,
,,,,
,,,,
,,,,
,,,,
,,,,
,,,,
,,,,
,,,,
Total Price (CAD):,$96.00,,,